,Neighborhood,Neighborhood Latitude,Neighborhood Longitude,Venue Id,Venue,Venue Latitude,Venue Longitude,Venue Distance,Venue Category
3,Charlottenburg-Wilmersdorf,52.497058,13.29649,4e5f988a18a8bc94706b4a2f,NORDSEE,52.509274,13.304722,1469,Seafood Restaurant
7,Charlottenburg-Wilmersdorf,52.497058,13.29649,56841abb498e4abb4bcdca8d,Landhaus Grunewald,52.48357081196343,13.282352685928345,1781,German Restaurant
8,Charlottenburg-Wilmersdorf,52.497058,13.29649,5c3f5bb37c891c002d9a7a5e,Thai-Art,52.486654,13.319444,1939,Thai Restaurant
10,Charlottenburg-Wilmersdorf,52.497058,13.29649,4c0d2c6a98102d7fe2c6e106,Cantinetta,52.508895513060075,13.307011663734198,1498,Italian Restaurant
11,Charlottenburg-Wilmersdorf,52.497058,13.29649,516c237ee4b056efa6de5558,Istanbul Grill,52.486741701588656,13.320035683184551,1966,Doner Restaurant
13,Charlottenburg-Wilmersdorf,52.497058,13.29649,4c8aa11c1eafb1f758077c35,XL Döner Sophie,52.511749315386886,13.297073495511606,1635,Doner Restaurant
14,Charlottenburg-Wilmersdorf,52.497058,13.29649,4adcda8ef964a520c64a21e3,Rogacki,52.51283919402255,13.305050087951296,1850,Gourmet Shop
15,Charlottenburg-Wilmersdorf,52.497058,13.29649,4e4d6b60d16472681f5b1330,Alano Pizza Mini Pizza,52.50442170646638,13.300042283735857,854,Snack Place
17,Charlottenburg-Wilmersdorf,52.497058,13.29649,4bc49989abf495213c3fc593,Bier’s Kudamm 195,52.50147913818119,13.318797451427804,1589,Snack Place
20,Charlottenburg-Wilmersdorf,52.497058,13.29649,5810973938fa6ecbf4f5249c,Benedict,52.497324,13.323777,1849,Breakfast Spot
21,Charlottenburg-Wilmersdorf,52.497058,13.29649,4b043b07f964a520595222e3,McDonald's,52.50675993653796,13.306289492454631,1267,Fast Food Restaurant
22,Charlottenburg-Wilmersdorf,52.497058,13.29649,55f9a48e498ee737a1893058,Heno Heno,52.503964035304826,13.315577685864188,1504,Japanese Restaurant
23,Charlottenburg-Wilmersdorf,52.497058,13.29649,4aef3ff4f964a520f0d621e3,Good Friends,52.506252,13.317946,1778,Chinese Restaurant
25,Charlottenburg-Wilmersdorf,52.497058,13.29649,4e70a83d185061bd1ee71d18,MAREDO,52.50235532768583,13.323711997348077,1936,Steakhouse
26,Charlottenburg-Wilmersdorf,52.497058,13.29649,5ac2b346c21cb14a2721cdd9,Shiso Burger,52.506668145094,13.309393129343677,1381,Burger Joint
27,Charlottenburg-Wilmersdorf,52.497058,13.29649,4adcda88f964a5205c4921e3,KUCHI Kant,52.50621419836479,13.318248689174652,1792,Sushi Restaurant
29,Charlottenburg-Wilmersdorf,52.497058,13.29649,4b5416f1f964a520eab127e3,Manzini,52.498053203986764,13.325015907016061,1936,French Restaurant
30,Charlottenburg-Wilmersdorf,52.497058,13.29649,4d358f7f2c76a1438bd18fc7,Katsudo,52.50889274151768,13.307060729923531,1499,Sushi Restaurant
31,Charlottenburg-Wilmersdorf,52.497058,13.29649,4bb65eecf562ef3b1e0d3097,SAMOS,52.50181291828312,13.313286648449175,1255,Greek Restaurant
32,Charlottenburg-Wilmersdorf,52.497058,13.29649,5e820042f684780008106432,Gohan Tokyo To Go,52.504344,13.307258,1091,Japanese Restaurant
33,Friedrichshain-Kreuzberg,52.5015,13.43512,4ca85d4ef47ea1434a587421,Markthalle Neun,52.502144327910116,13.431606978315234,248,Food Court
39,Friedrichshain-Kreuzberg,52.5015,13.43512,4afddf6ff964a520a42b22e3,Burgeramt,52.51040131707381,13.459397544072182,1920,Burger Joint
46,Friedrichshain-Kreuzberg,52.5015,13.43512,4b472092f964a520b22b26e3,Gel Gör Inegöl Köfteci,52.49171091493809,13.422864868620438,1370,Kofte Place
47,Friedrichshain-Kreuzberg,52.5015,13.43512,54a97032498e16e13fcd0906,ZOLA,52.4962034999391,13.422346111556184,1047,Pizza Place
48,Friedrichshain-Kreuzberg,52.5015,13.43512,5aa19d94c824ae34d4f21cef,W Pizza,52.48691591181872,13.439900324151909,1655,Pizza Place
49,Friedrichshain-Kreuzberg,52.5015,13.43512,58d7d2f3373181214698eb78,Goldies,52.49972062745528,13.425050895419908,710,Fast Food Restaurant
50,Friedrichshain-Kreuzberg,52.5015,13.43512,53a80c25498e746b7afc8ef7,Falafel Jakoub,52.487574,13.430696,1578,Falafel Restaurant
51,Friedrichshain-Kreuzberg,52.5015,13.43512,4b1e56d2f964a520e71824e3,Lemongrass,52.512525,13.457317,1941,Thai Restaurant
52,Friedrichshain-Kreuzberg,52.5015,13.43512,4c4d7b739932e21e9a3940cc,Azzam,52.484956,13.432942,1847,Middle Eastern Restaurant
54,Friedrichshain-Kreuzberg,52.5015,13.43512,5739f777cd10156641113284,Soya Vegan Vietnamese Kitchen,52.498603,13.442443,591,Vietnamese Restaurant
56,Friedrichshain-Kreuzberg,52.5015,13.43512,5b92e3d3180b91002cb51ecb,Gazzo,52.49116,13.425857,1311,Pizza Place
57,Friedrichshain-Kreuzberg,52.5015,13.43512,4d5ec4d95b276dcbea9ffec5,De Noantri,52.498214,13.436039,371,Italian Restaurant
59,Friedrichshain-Kreuzberg,52.5015,13.43512,4c753299604a3704e5eb8149,Pavillon am Ufer,52.49166917576547,13.435406297125612,1094,Snack Place
61,Friedrichshain-Kreuzberg,52.5015,13.43512,57099ce7498ebe45ccef0164,MIRIKA,52.49999266651727,13.407587532743982,1873,Gastropub
63,Friedrichshain-Kreuzberg,52.5015,13.43512,4bd2f3b4462cb713e82fdd07,Sanabel,52.51100980548266,13.458758472458484,1919,Falafel Restaurant
64,Friedrichshain-Kreuzberg,52.5015,13.43512,59121f7bc21cb12eb99b158e,Life Berlin,52.491878642334974,13.433209737075074,1078,Japanese Restaurant
65,Friedrichshain-Kreuzberg,52.5015,13.43512,5b795c84037be1002c179d4b,Mmaah,52.496697004974486,13.433808912697778,541,Korean Restaurant
66,Friedrichshain-Kreuzberg,52.5015,13.43512,4bddb324e75c0f47f13dc503,Hamy Cafe,52.48718382290468,13.422192335128784,1818,Vietnamese Restaurant
68,Friedrichshain-Kreuzberg,52.5015,13.43512,4f240c27e4b0617643deab61,Marafina,52.50857279570415,13.461828111189826,1973,Falafel Restaurant
70,Friedrichshain-Kreuzberg,52.5015,13.43512,4dbda4f343a1d8504baac3f3,Ali Baba,52.510716796399265,13.457534689434333,1832,Middle Eastern Restaurant
72,Friedrichshain-Kreuzberg,52.5015,13.43512,4eabd7a47beb32cb1446d026,SUBWAY,52.51034163,13.43310424,993,Sandwich Place
73,Friedrichshain-Kreuzberg,52.5015,13.43512,4c3f19230e0d0f47ab6c167f,Nachtigall Imbiss,52.496771,13.431313,586,Lebanese Restaurant
75,Friedrichshain-Kreuzberg,52.5015,13.43512,51816714498e1e8490e4acc3,Mustafa Demir’s Gemüse Kebap,52.50990581118968,13.451373807572534,1445,Doner Restaurant
76,Friedrichshain-Kreuzberg,52.5015,13.43512,59c94660c9f9075136f7cbc3,Hako Ramen,52.51267510739075,13.458088579430422,1992,Ramen Restaurant
77,Friedrichshain-Kreuzberg,52.5015,13.43512,57251aa0498ef3de5ce5eb90,Holiday Inn Restaurant,52.504911368573815,13.444604873657227,746,Breakfast Spot
78,Friedrichshain-Kreuzberg,52.5015,13.43512,57ca9752498e22fc8f3ce61e,Café Mugrabi,52.49770362044022,13.43741654590141,450,Breakfast Spot
80,Friedrichshain-Kreuzberg,52.5015,13.43512,4b14ee30f964a5206da723e3,Il Ritrovo,52.509574917010404,13.457946529386877,1788,Pizza Place
81,Friedrichshain-Kreuzberg,52.5015,13.43512,55f7e40b498ee90313fc2a49,Burgermeister,52.499464,13.418647,1139,Burger Joint
83,Lichtenberg,52.514581,13.498392,4eaad5d761af01ea2a85ab77,Duc Anh Quan,52.52776546588698,13.48860968164961,1610,Vietnamese Restaurant
84,Lichtenberg,52.514581,13.498392,5dcef6536a6dce00072cef83,Jamý - Asiatische Fusionsküche,52.516235,13.470963,1867,Vietnamese Restaurant
85,Lichtenberg,52.514581,13.498392,54a986b1498ed3ace1dc936f,Đồng Xuân Quán,52.52771421379017,13.490311397224591,1561,Vietnamese Restaurant
87,Lichtenberg,52.514581,13.498392,5c7ac5f4a6031c002cff0b77,Futura Neapolitan Pizza,52.517285,13.471429,1851,Pizza Place
90,Marzahn-Hellersdorf,52.53972,13.58428,4d93030e90202d434fd5cf7e,La Paz,52.537752358190325,13.60311929232302,1294,Mexican Restaurant
94,Marzahn-Hellersdorf,52.53972,13.58428,4c3e0fd30e0d0f471507157f,Burger King,52.54871056766343,13.593693039535168,1186,Fast Food Restaurant
96,Marzahn-Hellersdorf,52.53972,13.58428,50cf7ea8e4b05e3e099d082b,M Burger -American Fastfood,52.53764736217353,13.601997304337722,1221,Burger Joint
98,Marzahn-Hellersdorf,52.53972,13.58428,4f5b74c9e4b05cfda49db041,Thang Long,52.54918673206476,13.598058504685115,1407,Thai Restaurant
99,Marzahn-Hellersdorf,52.53972,13.58428,4ef46888be7b8420bba14913,Hui Feng,52.54169033344982,13.60681775959879,1541,Chinese Restaurant
100,Marzahn-Hellersdorf,52.53972,13.58428,509252d8e4b0645363e3bf9a,Die Gourmet-Insel,52.54853448017928,13.599519178365624,1423,Deli / Bodega
101,Marzahn-Hellersdorf,52.53972,13.58428,598521579411f219a9f962f4,Ari's Bistro,52.536682,13.605336,1465,Doner Restaurant
103,Marzahn-Hellersdorf,52.53972,13.58428,5d63c0f8a9fbd900084aa12b,Tsingtao-Pavillon,52.53637,13.577224,606,Snack Place
104,Marzahn-Hellersdorf,52.53972,13.58428,5b40e9a3b2958f002ce49d24,Lahori Food,52.52933,13.592184,1274,Pakistani Restaurant
105,Marzahn-Hellersdorf,52.53972,13.58428,5e218c8447c34b0008fe520b,Döner-X,52.537995,13.605275,1434,Doner Restaurant
107,Marzahn-Hellersdorf,52.53972,13.58428,5803ba1438fa4e8f379b122f,Stradivari,52.535004,13.608183,1701,Italian Restaurant
108,Marzahn-Hellersdorf,52.53972,13.58428,54393a9a498e1b6b7d5fb264,Gorodok,52.54998,13.564104,1780,Snack Place
109,Marzahn-Hellersdorf,52.53972,13.58428,4dfb5807e4cd567936089920,Calypso,52.53456618,13.56200525,1613,Restaurant
111,Marzahn-Hellersdorf,52.53972,13.58428,4d9352dbb053b60c21c68bcb,Cam Ly Bistro,52.53809545,13.607283625,1567,Asian Restaurant
112,Marzahn-Hellersdorf,52.53972,13.58428,51615a90e4b0d9eb1277ce36,Aux fleurs,52.5384,13.5753,625,Gastropub
113,Marzahn-Hellersdorf,52.53972,13.58428,4e47cbb6d164155c0df707a2,grips,52.54197844079033,13.563498523595694,1429,Restaurant
115,Marzahn-Hellersdorf,52.53972,13.58428,4f3cfe89e4b085c2d941783e,Bistro AVCI Cafe,52.537762881348755,13.604934614330539,1415,Turkish Restaurant
116,Marzahn-Hellersdorf,52.53972,13.58428,58b2dfbacf4451469757358e,Sakura Garten,52.54212,13.563108,1458,Asian Restaurant
117,Marzahn-Hellersdorf,52.53972,13.58428,527a698911d2ba0770e061a6,Ramos Bistro 2,52.529246271405924,13.591828662852778,1273,BBQ Joint
119,Marzahn-Hellersdorf,52.53972,13.58428,4e57723fd4c0fccb89a9219e,Bester Döner,52.529974574244044,13.59577383640507,1335,Doner Restaurant
120,Marzahn-Hellersdorf,52.53972,13.58428,4f70b8dfe4b061b44305862a,Mr. Richy,52.53444875166257,13.59583756928077,978,Snack Place
122,Marzahn-Hellersdorf,52.53972,13.58428,50d335753d7c145df3e87800,McDonald's,52.549636074382285,13.597984313964844,1441,Fast Food Restaurant
123,Marzahn-Hellersdorf,52.53972,13.58428,4dbc25cdfa8cee7273443a81,Oase,52.53345284952564,13.568781501572198,1260,Gastropub
124,Marzahn-Hellersdorf,52.53972,13.58428,509931cee4b0b01feee8a981,Amaretto Tre,52.531593322753906,13.590126037597656,987,Italian Restaurant
125,Marzahn-Hellersdorf,52.53972,13.58428,519caa8c498e79bc0d1d6a6f,Cafeteria im UKB,52.52331722545446,13.593516654540531,1930,Restaurant
126,Marzahn-Hellersdorf,52.53972,13.58428,4f4fb203e4b0cad93c673b88,Heiße Theke,52.53797939672222,13.604633328068648,1391,Snack Place
127,Marzahn-Hellersdorf,52.53972,13.58428,5aa26cc82955137028780951,Galo Baba,52.54938,13.599403,1484,Doner Restaurant
129,Marzahn-Hellersdorf,52.53972,13.58428,58baa68d109dfe053d729268,Snackbar in Kaufpark Eiche,52.548916,13.601051,1528,BBQ Joint
130,Marzahn-Hellersdorf,52.53972,13.58428,4e0dd7301f6e9964ea1c72a4,YOGI-HAUS indisches Restaurant,52.53790448904997,13.607232570648193,1567,Indian Restaurant
131,Marzahn-Hellersdorf,52.53972,13.58428,5abe670783e38058a18147cd,Trattoria Don Giacomo,52.537915,13.603025,1284,Italian Restaurant
134,Marzahn-Hellersdorf,52.53972,13.58428,506c76f8e4b015a7e296a86b,I FRATELLI,52.54313049675509,13.570806002633946,988,Italian Restaurant
135,Marzahn-Hellersdorf,52.53972,13.58428,58accb4d2896a2760e358655,Domino's Pizza Berlin Hellersdorf,52.53818909289264,13.602913158158685,1273,Pizza Place
136,Marzahn-Hellersdorf,52.53972,13.58428,4cbe05b8020d46887f0f5a38,Happy Food,52.54179353066773,13.563304842245845,1438,Falafel Restaurant
137,Marzahn-Hellersdorf,52.53972,13.58428,50210bfbe4b0ae97a392f41d,Paul's Curry-Imbiss,52.55040328046374,13.583748631097983,1189,Diner
141,Mitte,52.51674,13.36679,5c94ec48c8b2fb002cdd6257,Rocket + Basil,52.503167,13.366442,1511,Persian Restaurant
146,Mitte,52.51674,13.36679,4dda9ba61838b8561d343d61,Il Valentino,52.50179676429753,13.355430005213929,1832,Italian Restaurant
149,Mitte,52.51674,13.36679,57096821498e1059885564fb,McDonald's,52.52030624030525,13.386571954206516,1397,Fast Food Restaurant
151,Mitte,52.51674,13.36679,595a249735d3fc2b1fbe3ab8,+84,52.53263948958928,13.379511380072778,1968,Vegetarian / Vegan Restaurant
156,Mitte,52.51674,13.36679,4b0e76ccf964a520bb5723e3,SUBWAY,52.53086497685587,13.382959466715647,1916,Sandwich Place
157,Mitte,52.51674,13.36679,58528fe5117420426532cf0b,Metrom Bistro,52.525515643828726,13.34138951787629,1978,Doner Restaurant
159,Mitte,52.51674,13.36679,4e68929962e1a02a61125bbc,Upper Crust,52.52505390851504,13.369425296170778,942,Sandwich Place
160,Mitte,52.51674,13.36679,5704e0dc498ec9949606a33c,Hasir Burger,52.53243180078843,13.380728748840674,1985,Burger Joint
162,Mitte,52.51674,13.36679,4be303d0d27a20a116ff905b,Augustiner am Gendarmenmarkt,52.513990106984444,13.39100122726925,1668,German Restaurant
163,Mitte,52.51674,13.36679,5db980ee67232c0008fddb29,Good Bank Moabit,52.52467,13.347981,1549,Bistro
165,Mitte,52.51674,13.36679,4b0a99d8f964a520822523e3,Gendarmerie,52.515718875674196,13.39093951929833,1639,German Restaurant
167,Mitte,52.51674,13.36679,4b178faef964a52063c623e3,McDonald's,52.52549402656263,13.369068440727057,986,Fast Food Restaurant
169,Mitte,52.51674,13.36679,4bd6c34c7b1876b0d4f08c86,McDonald's,52.507346384163405,13.390433490538244,1912,Fast Food Restaurant
170,Mitte,52.51674,13.36679,57b8a7a0498e684790344d8a,Hans im Glück - Burgergrill,52.525287,13.369969,975,Burger Joint
171,Mitte,52.51674,13.36679,4af95c60f964a520751122e3,Xinh Xinh,52.52637121275485,13.388623049932427,1826,Vietnamese Restaurant
172,Mitte,52.51674,13.36679,4b61d534f964a520d0252ae3,Maximilians,52.51125774375144,13.389431776549737,1650,Bavarian Restaurant
173,Mitte,52.51674,13.36679,5b853cdfea1e44002cf70a31,Superfoods & organic liquids,52.511617,13.389881,1665,Vegetarian / Vegan Restaurant
174,Mitte,52.51674,13.36679,57eba363cd105754dfff1bbe,Takumi NINE Sapporo,52.52905523360627,13.384862681966906,1837,Ramen Restaurant
175,Mitte,52.51674,13.36679,5ba1236e286fda002c944dd5,Curry 36,52.524668437428915,13.36961030960083,903,Currywurst Joint
176,Mitte,52.51674,13.36679,5228b50d11d27566ef5bb627,Super Chicken GemüseKebap,52.526672,13.369311,1118,BBQ Joint
177,Mitte,52.51674,13.36679,4adcda86f964a520114921e3,Ganymed,52.52171784674219,13.386368751525879,1437,Brasserie
186,Neukölln,52.4802,13.43364,50f184dfe4b058f4ca61ffb0,Pazzi X Pizza,52.47722535449326,13.423436563311506,766,Pizza Place
187,Neukölln,52.4802,13.43364,4b472092f964a520b22b26e3,Gel Gör Inegöl Köfteci,52.49171091493809,13.422864868620438,1474,Kofte Place
188,Neukölln,52.4802,13.43364,54a97032498e16e13fcd0906,ZOLA,52.4962034999391,13.422346111556184,1939,Pizza Place
189,Neukölln,52.4802,13.43364,5aa19d94c824ae34d4f21cef,W Pizza,52.48691591181872,13.439900324151909,859,Pizza Place
190,Neukölln,52.4802,13.43364,5bf3194a971317002d6463cd,Barra,52.474282,13.426805,805,Restaurant
191,Neukölln,52.4802,13.43364,53a80c25498e746b7afc8ef7,Falafel Jakoub,52.487574,13.430696,844,Falafel Restaurant
192,Neukölln,52.4802,13.43364,4c4d7b739932e21e9a3940cc,Azzam,52.484956,13.432942,531,Middle Eastern Restaurant
193,Neukölln,52.4802,13.43364,5b92e3d3180b91002cb51ecb,Gazzo,52.49116,13.425857,1329,Pizza Place
194,Neukölln,52.4802,13.43364,51fe7e00498e310a32034802,Mmaah,52.480005868543785,13.418033952091465,1058,Korean Restaurant
195,Neukölln,52.4802,13.43364,4c753299604a3704e5eb8149,Pavillon am Ufer,52.49166917576547,13.435406297125612,1282,Snack Place
196,Neukölln,52.4802,13.43364,59121f7bc21cb12eb99b158e,Life Berlin,52.491878642334974,13.433209737075074,1300,Japanese Restaurant
197,Neukölln,52.4802,13.43364,5b795c84037be1002c179d4b,Mmaah,52.496697004974486,13.433808912697778,1836,Korean Restaurant
198,Neukölln,52.4802,13.43364,4bddb324e75c0f47f13dc503,Hamy Cafe,52.48718382290468,13.422192335128784,1098,Vietnamese Restaurant
202,Neukölln,52.4802,13.43364,4c3f19230e0d0f47ab6c167f,Nachtigall Imbiss,52.496771,13.431313,1851,Lebanese Restaurant
203,Neukölln,52.4802,13.43364,57ca9752498e22fc8f3ce61e,Café Mugrabi,52.49770362044022,13.43741654590141,1965,Breakfast Spot
204,Neukölln,52.4802,13.43364,4db425f74df05e5aaad991bd,Engels,52.47685558735277,13.420034114335865,994,Restaurant
206,Neukölln,52.4802,13.43364,5586978f498e73208c016a1b,Nah am Wasser gebaut,52.48507856017328,13.444732081179938,927,Breakfast Spot
208,Neukölln,52.4802,13.43364,57220e63498e421c4572f552,BICHOU,52.482467242880354,13.436506649594563,318,Bistro
209,Neukölln,52.4802,13.43364,4ca87ed3d971b1f7f5e214e1,Öz-Samsun,52.48125849188253,13.437931412568814,313,Middle Eastern Restaurant
210,Neukölln,52.4802,13.43364,5adcd218175562147721a05a,Capperi,52.491157461396675,13.43521954158409,1224,Italian Restaurant
211,Neukölln,52.4802,13.43364,5b375828ca18ea002c26372d,21 gramm,52.472125,13.429091,950,Breakfast Spot
213,Neukölln,52.4802,13.43364,57e56c3b498e8c7413ceec03,Crazy Bastard Sauce,52.48356705853624,13.44064934198851,605,Bistro
217,Neukölln,52.4802,13.43364,5d6fe3675a2aac000856db0b,Demlik,52.490555,13.423647,1337,Breakfast Spot
218,Neukölln,52.4802,13.43364,54d3c525498e32a1ed0c81e9,Mmaah,52.48382644556769,13.447483295633011,1021,Korean Restaurant
219,Neukölln,52.4802,13.43364,4bb252412397b7135ddb36b3,Masaniello,52.487680451045065,13.419223551580718,1283,Pizza Place
221,Neukölln,52.4802,13.43364,4ec846a9d3e3e131f33ee56d,Geist im Glas,52.49007823624112,13.424884327426549,1249,Cocktail Bar
222,Neukölln,52.4802,13.43364,57d44ef5498e1e677cf7252e,H&D Chay,52.48794,13.427158,967,Vegetarian / Vegan Restaurant
230,Pankow,52.57105,13.40497,52b59511498e1468aae26f90,McDonald's,52.560936,13.428827,1968,Fast Food Restaurant
238,Pankow,52.57105,13.40497,58a0af9d04f4d712773e0aed,Arirang Bulgogi,52.553956415347464,13.409892395438584,1931,Korean Restaurant
239,Pankow,52.57105,13.40497,50191aa4e4b0380e0141d911,Wurstmaxe,52.58352,13.418692,1669,BBQ Joint
241,Pankow,52.57105,13.40497,4dab30695da3ba8a479bc084,Ari's Dinner,52.564356414837334,13.392959031041348,1102,Fast Food Restaurant
243,Pankow,52.57105,13.40497,518cccd25019d968d07fccb7,Kahve Rengi,52.56411569748972,13.392849638315662,1126,Breakfast Spot
245,Pankow,52.57105,13.40497,52f52405498e065ca6b52ca0,Trattoria Pasta degli Angeli,52.586480133914144,13.401996545837422,1729,Trattoria/Osteria
246,Pankow,52.57105,13.40497,5d72b827f5b3510008a82a91,Nam Y,52.565323,13.395058,925,Sushi Restaurant
248,Pankow,52.57105,13.40497,5491cbcb498e4a392d5acf24,SchillerBurger,52.56864030996582,13.411780190477359,533,Burger Joint
249,Pankow,52.57105,13.40497,517ac6b3498e2f0188897369,Trattoria Rossini,52.56603,13.39678,786,Trattoria/Osteria
251,Pankow,52.57105,13.40497,5919acb4916bc17c58cd5eee,Manjodh Restaurant,52.553556,13.411306,1994,Restaurant
252,Pankow,52.57105,13.40497,56ee9427498e8a77df54b26d,Kakadu,52.557535,13.390195,1806,Breakfast Spot
255,Pankow,52.57105,13.40497,4c56fb87cc96c9b60ee5772e,Firenze,52.56547780814537,13.40409842436885,623,Italian Restaurant
258,Pankow,52.57105,13.40497,4b5c4210f964a520d62829e3,Hey Cheuk Lau,52.57157373631524,13.411797206606447,465,Chinese Restaurant
259,Pankow,52.57105,13.40497,4d407dc6255d8cfafb596605,Zum Bayernmichel,52.55374059329254,13.41086327786413,1967,German Restaurant
264,Pankow,52.57105,13.40497,4f968f5fe4b0dd23c43d1bbb,Berliner Grillhaus,52.56278588146492,13.412938496741836,1066,Turkish Restaurant
265,Pankow,52.57105,13.40497,5787d487498ec9461f68193b,Flora Burger,52.56603,13.408566,609,Burger Joint
270,Pankow,52.57105,13.40497,57a61809cd1007d198ada3d6,Bistro Femo,52.571603,13.379787,1704,Doner Restaurant
273,Pankow,52.57105,13.40497,504dcd6ae4b03e4ada3bf903,Pizza & Salat,52.580588,13.401518,1087,Italian Restaurant
279,Reinickendorf,52.56755,13.33165,4bc6300304e8b713fe96352d,McDonald's,52.561117426123,13.323067804034396,921,Fast Food Restaurant
282,Reinickendorf,52.56755,13.33165,4f816a95e4b085b99be7a748,Pula Grill,52.57036293235923,13.320630492077417,808,Restaurant
283,Reinickendorf,52.56755,13.33165,5bded8b2ba57b4002cd5589c,Zum Würfel II,52.55904,13.314044,1522,Currywurst Joint
286,Reinickendorf,52.56755,13.33165,510f8ddce4b0470c6b423b80,Offizierheim,52.552396661865195,13.321269429209229,1827,German Restaurant
288,Reinickendorf,52.56755,13.33165,4dc6f37252b1e8f9f7f9c185,Döneria,52.553946273383296,13.346005290786541,1799,Doner Restaurant
290,Reinickendorf,52.56755,13.33165,4d544ac9a05c37049eaeaa87,Doreedos,52.56382346083578,13.327025563678902,519,Steakhouse
291,Reinickendorf,52.56755,13.33165,540c9938498e46b9b32213e1,Tornero,52.562191,13.353379,1586,German Restaurant
292,Reinickendorf,52.56755,13.33165,4b40ce03f964a52055bb25e3,Il Mulino,52.564107293453816,13.327069985556712,492,Italian Restaurant
293,Reinickendorf,52.56755,13.33165,50b51e7fe4b09103506e6224,La Trattoria Marina,52.5731027686803,13.35935869822512,1973,Trattoria/Osteria
294,Reinickendorf,52.56755,13.33165,5217836e11d2f3b77fb6d896,Delphin,52.56177060597253,13.331745194892278,643,Seafood Restaurant
295,Reinickendorf,52.56755,13.33165,4d397569039eb60cb7c7e19c,Altberliner Imbiss,52.563740512876365,13.328037245231299,489,Fast Food Restaurant
296,Reinickendorf,52.56755,13.33165,583886361470b0520007d0d1,Trattoria “La Trinacria”,52.569233,13.351367,1347,Italian Restaurant
297,Reinickendorf,52.56755,13.33165,4f454e9be4b0cc9b7fbbffed,Opatija-Grill,52.556848858156314,13.341031750472574,1349,Restaurant
300,Reinickendorf,52.56755,13.33165,5421a46d498ed2c336c40873,PAPADAM,52.56254065,13.33099458,559,Indian Restaurant
303,Reinickendorf,52.56755,13.33165,507da4ade4b09a4c62eee2a0,Köfte Haus,52.55463032046307,13.344605382136292,1684,Burger Joint
305,Reinickendorf,52.56755,13.33165,541489df498e3687681080c1,вьетнамский ресторанчик,52.56337356567383,13.32690143585205,565,Vietnamese Restaurant
307,Reinickendorf,52.56755,13.33165,5dd537fddde9de0009809f8f,Döner X Burger,52.556457,13.341903,1416,Doner Restaurant
309,Reinickendorf,52.56755,13.33165,51193251e4b05a0ebfc27b0c,Salumeria MERcatino,52.555588943892516,13.343424254415318,1551,Deli / Bodega
310,Reinickendorf,52.56755,13.33165,4f426e3de4b029502b37c6b5,Hongkongnese,52.561302185058594,13.325453758239746,812,Japanese Restaurant
314,Reinickendorf,52.56755,13.33165,5d52d7d13d4ea6000864e686,Gemüse Kebap 77,52.577183,13.349514,1615,Kebab Restaurant
315,Reinickendorf,52.56755,13.33165,4c6d60656af58cfa6c438917,Karin's Imbiss,52.57317786544354,13.358779549598694,1939,Fast Food Restaurant
318,Reinickendorf,52.56755,13.33165,4c97c5015d25b1f7ea899bb9,Restaurant Korfu,52.569747,13.312764,1301,Greek Restaurant
319,Reinickendorf,52.56755,13.33165,52ab38c611d2a16d221e42f1,Vina Bistro,52.55313491821289,13.346034049987793,1876,Thai Restaurant
320,Reinickendorf,52.56755,13.33165,51a88b22498e9bf0ae7b534b,Orijin Bistro (Roedernallee 167),52.581238345245495,13.344660502587256,1759,Turkish Restaurant
322,Reinickendorf,52.56755,13.33165,5205224f11d2a646a91c8260,Gaucho Steakhouse,52.56058584896244,13.334453310576546,798,Argentinian Restaurant
323,Reinickendorf,52.56755,13.33165,53afe550498e46c70e57952d,schatzinsel,52.564216,13.31713,1050,Breakfast Spot
324,Reinickendorf,52.56755,13.33165,4c19555f4ff90f47f7cb0f49,Trattoria Nardini,52.56797176557676,13.330029726416692,119,Trattoria/Osteria
325,Reinickendorf,52.56755,13.33165,4c4f1da892b6a59350f70c71,Zagreb Grill,52.55736887282129,13.334030427317238,1144,Mediterranean Restaurant
326,Reinickendorf,52.56755,13.33165,4cc3600606c2548187349047,Klenzepfad,52.571074,13.345033,986,Fast Food Restaurant
327,Reinickendorf,52.56755,13.33165,4f999943e4b0d6436e42b40b,96 Snacks,52.57546321487432,13.331952095031738,881,Diner
328,Spandau,52.55009,13.200356,52605b3c498e54bc7606727b,Mevlana Grillhaus Turist Mehmetin Yeri,52.5485652423619,13.208360196323426,567,Turkish Restaurant
329,Spandau,52.55009,13.200356,5e88a795d1205900083c4a1e,Falafel Al Safe,52.538074,13.202157,1343,Falafel Restaurant
330,Spandau,52.55009,13.200356,4c680dfa9cb82d7f0eb194d2,McDonald's,52.53735739934505,13.218832921154794,1890,Fast Food Restaurant
332,Spandau,52.55009,13.200356,505db116e4b0d4448471f7f8,Sultan Sofrasi,52.546325604579025,13.190367916138598,795,Turkish Restaurant
333,Spandau,52.55009,13.200356,4f0b17fbe4b033211c588779,Grillstation Conti,52.54211477289418,13.205786914990838,960,Turkish Restaurant
334,Spandau,52.55009,13.200356,59aef8817dc9e105c86de113,Pizza La Familia,52.544632,13.207667,783,Pizza Place
335,Spandau,52.55009,13.200356,51805756e4b0db4187dd4935,Grillhaus Westerwald,52.54912145345624,13.178068271592327,1512,BBQ Joint
336,Spandau,52.55009,13.200356,4c926e001adc3704388338d1,YE-MC,52.561665120866,13.208264873539877,1395,Turkish Restaurant
337,Spandau,52.55009,13.200356,4adcda73f964a520654521e3,Brauhaus Spandau,52.540715254211655,13.206744523739928,1129,Brewery
341,Spandau,52.55009,13.200356,4c3183d26f1fef3b1605ec3d,Stilbruch,52.548734,13.221707,1453,German Restaurant
342,Spandau,52.55009,13.200356,56348abd498e9faec98da1a8,Özge Grill,52.537575,13.187142,1655,Doner Restaurant
343,Spandau,52.55009,13.200356,5008f606e4b0bf957e0b82e6,Restaurant emil's,52.54643600940554,13.211044149421063,830,Breakfast Spot
344,Spandau,52.55009,13.200356,53a958a0498eacb3854d78ed,Sushi Spandau,52.54849877961386,13.201586828731616,195,Sushi Restaurant
345,Spandau,52.55009,13.200356,4c2e0f4f4e132d7f24709ddf,Burger King,52.53750399059587,13.203556430143399,1417,Fast Food Restaurant
347,Spandau,52.55009,13.200356,4bd4800f4e32d13a4539bf80,Plancha II,52.54183566906403,13.199387652952067,921,Argentinian Restaurant
348,Spandau,52.55009,13.200356,51420a20e4b050cd94200fa3,Macao,52.538467,13.207011,1370,Chinese Restaurant
349,Spandau,52.55009,13.200356,4dc17b5d8877c00d6ad97c31,Grillhaus Anatolian,52.53858550491013,13.199908265588755,1281,Turkish Restaurant
350,Spandau,52.55009,13.200356,598b62bffebf317ebe8bc7f1,All Seasons,52.53777845166627,13.216071675166138,1735,Asian Restaurant
351,Spandau,52.55009,13.200356,548a6a1f498eff9401f0c1c0,Kale Gida,52.56230370855546,13.20830225944519,1462,Food & Drink Shop
352,Spandau,52.55009,13.200356,586d5ac2e110955759bd1271,Solti,52.541169,13.20038,993,North Indian Restaurant
354,Spandau,52.55009,13.200356,53a6f648498e6bfe187acaca,la sila,52.56161417799473,13.208273075914798,1390,Italian Restaurant
355,Spandau,52.55009,13.200356,5d8b31dbe26fad0009b32abb,Efsanem Döner,52.537901,13.202539,1364,Doner Restaurant
356,Spandau,52.55009,13.200356,51c31d93498e30de7c9a8690,Burger Tuning,52.542543284834224,13.205847402115904,918,Burger Joint
357,Spandau,52.55009,13.200356,5db09dd248541f00073edb27,Weinstuben Im Kolk,52.539962,13.2065,1201,Italian Restaurant
359,Spandau,52.55009,13.200356,4f186153e4b0926438b93727,Bistro Class,52.54838711498645,13.201411055411164,202,Turkish Restaurant
360,Spandau,52.55009,13.200356,5086ab36e4b0cd2841d8f0f0,Cau An,52.547014224968734,13.207704485449238,603,Vietnamese Restaurant
362,Spandau,52.55009,13.200356,4bd874dc09ecb713c5e3487c,Baff Snack,52.536047,13.204859,1592,Fast Food Restaurant
365,Spandau,52.55009,13.200356,59776605b37e2b43658a1ab0,Little Roti,52.5382536109598,13.203171193599701,1331,Indian Restaurant
368,Spandau,52.55009,13.200356,4b292791f964a520e89924e3,Landhaus Perle,52.54297,13.197892,809,Italian Restaurant
369,Spandau,52.55009,13.200356,4c514d529d642d7fadb14ddd,Satt und Selig,52.5381908721496,13.204593311150601,1355,Restaurant
371,Spandau,52.55009,13.200356,4ff4202ae4b05ae522bbef9f,Lotus,52.536617,13.203954,1519,Asian Restaurant
373,Spandau,52.55009,13.200356,5e43d304430338000867a933,Yörem Simit Cafe Restaurant,52.537342,13.203163,1431,Restaurant
376,Spandau,52.55009,13.200356,5a848429b399f76cf631981d,Elitär-Frystykk,52.5429469102725,13.197887241840363,812,German Restaurant
378,Steglitz-Zehlendorf,52.44364,13.22908,4adcda78f964a5206a4621e3,Die Fischerhütte am Schlachtensee,52.44483289224192,13.227742285432603,160,German Restaurant
379,Steglitz-Zehlendorf,52.44364,13.22908,5069a249e4b0b6a07e6902dc,Imbiss Am Schlachtensee,52.4460310643195,13.230118155865943,275,Snack Place
382,Steglitz-Zehlendorf,52.44364,13.22908,51a99a38498e2598ae65172e,Butter Lindner,52.43919026627583,13.214847954003366,1085,Gourmet Shop
384,Steglitz-Zehlendorf,52.44364,13.22908,4c0a988c340720a1f2b38693,Der Kretaner,52.44999443028993,13.254900774710524,1889,Greek Restaurant
385,Steglitz-Zehlendorf,52.44364,13.22908,5cd5b503c4df1d002cb42a3c,Viet Hello-Bbq,52.438713,13.217033,984,Vietnamese Restaurant
386,Steglitz-Zehlendorf,52.44364,13.22908,56f570a0498eb985dac5143c,Trattoria Piazza Siciliana,52.43053,13.229966,1460,Italian Restaurant
388,Steglitz-Zehlendorf,52.44364,13.22908,50db4ab1e4b014709735276d,Rasas Indian Restaurant,52.43035742364042,13.213376393129707,1822,Indian Restaurant
389,Steglitz-Zehlendorf,52.44364,13.22908,4b895684f964a520bf2c32e3,Taverna Pikilia,52.43380005806215,13.211531891308645,1617,Taverna
391,Steglitz-Zehlendorf,52.44364,13.22908,54e85d08498e3c879d23e2fd,Subway,52.433053959486635,13.242612943269933,1494,Sandwich Place
392,Steglitz-Zehlendorf,52.44364,13.22908,4ce91077e1eeb60c3d04a7ae,Sami's Döner,52.44283267728131,13.24042386722119,774,Doner Restaurant
393,Steglitz-Zehlendorf,52.44364,13.22908,4d9aefd0b4fa3704cd46900d,La Foresta,52.42717708686202,13.217972465001125,1981,Italian Restaurant
394,Steglitz-Zehlendorf,52.44364,13.22908,5c65b67e182223002514e368,Osteria Carlo,52.437775,13.215664,1120,Trattoria/Osteria
395,Steglitz-Zehlendorf,52.44364,13.22908,4c4174f7af052d7ff66a7d79,Clubgaststätte Z88,52.44418144225922,13.249983787536236,1419,German Restaurant
396,Steglitz-Zehlendorf,52.44364,13.22908,51c7443c498e5d4dfd82f4d8,Grillabend bei SC,52.433583,13.210186,1702,BBQ Joint
398,Steglitz-Zehlendorf,52.44364,13.22908,5146e4c0e4b0554c35da3c73,Taverna kalypso,52.44239111030522,13.240577362230294,792,Taverna
399,Steglitz-Zehlendorf,52.44364,13.22908,5813babc38fa18c20d1aadd2,Capriole Restaurant,52.45455966925034,13.249146938323975,1825,Italian Restaurant
400,Steglitz-Zehlendorf,52.44364,13.22908,4d34bfe998336dcb57a53af0,Gourmet Sud,52.445686,13.243264,988,French Restaurant
401,Steglitz-Zehlendorf,52.44364,13.22908,4e297fbc18a83a13623d3050,Pizzeria Fatica,52.43437831068834,13.247298142316614,1609,Pizza Place
402,Steglitz-Zehlendorf,52.44364,13.22908,5249be48498e1cfc3840d0db,China Restaurant Fu Yuan,52.44656695918137,13.243521892338755,1032,Chinese Restaurant
403,Steglitz-Zehlendorf,52.44364,13.22908,4dbb0fe35da3ff58ec27e0cf,Elivia,52.430292,13.21324,1833,Greek Restaurant
405,Steglitz-Zehlendorf,52.44364,13.22908,51821cdd498ee2fcc5746e67,Asia Snack,52.439002858173936,13.235894369717979,693,Asian Restaurant
408,Steglitz-Zehlendorf,52.44364,13.22908,4d6fe6e33a6cf04daa876679,Asia Imbiss,52.45009170054011,13.253020338247346,1776,Asian Restaurant
410,Steglitz-Zehlendorf,52.44364,13.22908,4e209cb718a88345f0429983,La Dolce Vita,52.44272246307913,13.240633765583025,790,Italian Restaurant
413,Steglitz-Zehlendorf,52.44364,13.22908,521ba75011d21c9a0a3412df,Pekilia,52.434317,13.242449,1378,Greek Restaurant
414,Steglitz-Zehlendorf,52.44364,13.22908,4d602f1c865a224bc810a885,Villa Medici,52.42988428866316,13.22421259897962,1566,Italian Restaurant
415,Steglitz-Zehlendorf,52.44364,13.22908,5e779e14e38c050008310006,Spice Club - Indischer Lieferservice in Berlin und Brandenburg,52.43032128853457,13.213527202606201,1819,Indian Restaurant
416,Steglitz-Zehlendorf,52.44364,13.22908,516a9fd1e4b0d8dae3784056,Schlachtensee Biergarten,52.44004175005289,13.213854906772342,1108,German Restaurant
417,Steglitz-Zehlendorf,52.44364,13.22908,5d12513da7edf8002fb9dc6b,Karls Erdbeerhäuschen,52.442626,13.240737,798,Food Stand
418,Steglitz-Zehlendorf,52.44364,13.22908,4cb5aeae64998cfa1f810fa2,Rodelhütte,52.45562066996149,13.250784708188448,1986,German Restaurant
419,Steglitz-Zehlendorf,52.44364,13.22908,5038bbabe4b0d83460aa5b43,Sportrestaurant Hertha 03 Zehlendorf,52.444706250568494,13.253437288504538,1656,Gastropub
420,Steglitz-Zehlendorf,52.44364,13.22908,514b4643e4b0bfb827eb8907,La Vita Trattoria Bar,52.43058233037758,13.23008859685188,1455,Trattoria/Osteria
422,Steglitz-Zehlendorf,52.44364,13.22908,5aeaf566da7080002cfea226,Onkel Tom's Burger,52.45015,13.25296,1774,Burger Joint
423,Steglitz-Zehlendorf,52.44364,13.22908,4e43c9997d8bee282394760d,Bernsteiners,52.43968179921614,13.216260909040498,975,Snack Place
425,Steglitz-Zehlendorf,52.44364,13.22908,4cc0862b9ca854811af9bc16,Asado,52.43240096625822,13.235903809880744,1334,Steakhouse
426,Steglitz-Zehlendorf,52.44364,13.22908,4bccc7768920b7135abb9edc,Gabana,52.4380764486169,13.215378473416884,1117,Restaurant
428,Tempelhof-Schöneberg,52.44763,13.38535,5e91a672281a3d0007128f97,Taco Shop Mexican Street Food,52.453338,13.377407,833,Taco Place
431,Tempelhof-Schöneberg,52.44763,13.38535,4b980241f964a520c72535e3,Taverna Sirtaki,52.44647851101488,13.359217437523531,1777,Taverna
432,Tempelhof-Schöneberg,52.44763,13.38535,510bb492e4b005682065905c,Futtern wie bei Muttern,52.446450295947805,13.359225213578094,1777,Snack Place
435,Tempelhof-Schöneberg,52.44763,13.38535,4dab352e43a11281970a84d7,Taverna Ta Dio Aderfia,52.45659306364142,13.384135759868212,1001,Taverna
436,Tempelhof-Schöneberg,52.44763,13.38535,4b6ab7c9f964a52050dd2be3,McDonald's,52.437412,13.379706,1200,Fast Food Restaurant
437,Tempelhof-Schöneberg,52.44763,13.38535,51308cf2e4b09cc353ee793d,Redo XXL,52.455699,13.384216,901,Gastropub
439,Tempelhof-Schöneberg,52.44763,13.38535,4d1696ed85fc6dcb9157a74e,Remise No 1,52.44446584277039,13.385888533316715,354,German Restaurant
440,Tempelhof-Schöneberg,52.44763,13.38535,562d08c3498ebc490f8a8a55,EGE Gemüsekebap,52.459218,13.384774,1290,Doner Restaurant
441,Tempelhof-Schöneberg,52.44763,13.38535,4dab1ed14b22f071eac6e8d7,Restaurant Attila,52.45827169251008,13.37370248565428,1423,Restaurant
443,Tempelhof-Schöneberg,52.44763,13.38535,58921ae59dc8d06afb04ad0c,ristobar lopez,52.445293,13.385603,260,Trattoria/Osteria
444,Tempelhof-Schöneberg,52.44763,13.38535,5938371da6ec982d00f8165e,New Ocean,52.436151,13.389253,1304,Chinese Restaurant
445,Tempelhof-Schöneberg,52.44763,13.38535,500541dae4b06362293a4f55,Tonsai Thai,52.45956101571306,13.381932536177759,1348,Thai Restaurant
448,Tempelhof-Schöneberg,52.44763,13.38535,4fc79334e4b0647c52a87d0d,Libanon Snack,52.45599967594575,13.383920791975902,936,Middle Eastern Restaurant
449,Tempelhof-Schöneberg,52.44763,13.38535,4d94667faf673704d4477a09,Maximilian Hafenimbiss,52.454642831656855,13.384407376283864,783,BBQ Joint
450,Tempelhof-Schöneberg,52.44763,13.38535,536de514498e93b032d760d2,Meyman Gourmet,52.45820253598701,13.384377212555776,1178,Breakfast Spot
451,Tempelhof-Schöneberg,52.44763,13.38535,4bc4de7b4cdfc9b6e2489921,Surf Inn,52.44634965010448,13.361661896760202,1613,Burrito Place
452,Tempelhof-Schöneberg,52.44763,13.38535,4c496d751b430f4763f782c3,Amma,52.45704908260929,13.383649412068053,1054,Indian Restaurant
453,Tempelhof-Schöneberg,52.44763,13.38535,5a2b0916dd84420e51eefbc8,mokkabar,52.440513,13.387528,805,Restaurant
454,Tempelhof-Schöneberg,52.44763,13.38535,4f32b3c9e4b0d77c29676f00,Restaurant Split,52.446523036466935,13.402151114356363,1146,Eastern European Restaurant
455,Tempelhof-Schöneberg,52.44763,13.38535,5cd6a96c947c05002c7782db,Spice Village,52.457793,13.383989,1135,Indian Restaurant
456,Tempelhof-Schöneberg,52.44763,13.38535,51667b61e4b09827721d2cfe,Ne Joes Imbiss,52.4464076221097,13.372034908485716,913,Turkish Restaurant
458,Tempelhof-Schöneberg,52.44763,13.38535,5110ee2be4b094d5c1726f96,Steel - Kasino,52.45594947082043,13.40461796234775,1601,Restaurant
463,Tempelhof-Schöneberg,52.44763,13.38535,4bd478266f649521f95f6dec,Biertempel,52.45543998738027,13.37694820979594,1039,German Restaurant
464,Tempelhof-Schöneberg,52.44763,13.38535,5c9fb65a57a537002cfd1144,Ellas‘ Gyrosland,52.463109,13.385591,1723,Bistro
466,Tempelhof-Schöneberg,52.44763,13.38535,58544b6d76f2ca378f57627d,Quick Burger,52.455982,13.384236,932,Burger Joint
469,Tempelhof-Schöneberg,52.44763,13.38535,52166df811d2ffd469bebf80,Pizza Max,52.456159,13.382737,965,Pizza Place
470,Tempelhof-Schöneberg,52.44763,13.38535,4f624d1ce4b0b665d0555559,Kepabhaus,52.443151664538895,13.386381305451172,503,Restaurant
476,Tempelhof-Schöneberg,52.44763,13.38535,52e52a08498ecbb0eb6d7f1c,Asia Food Ha Linh,52.455022345228315,13.384931402119493,823,Asian Restaurant
478,Treptow-Köpenick,52.445817,13.57458,4cd53b6667adf04dd2d22b91,McDonald's,52.44804561656745,13.593006834983479,1274,Fast Food Restaurant
480,Treptow-Köpenick,52.445817,13.57458,4adcda88f964a520534921e3,Ratskeller Köpenick,52.44558129407464,13.57449759934094,26,German Restaurant
481,Treptow-Köpenick,52.445817,13.57458,4f356532e4b0d7a27cdc3269,Ajanta,52.4556006306489,13.57699645118271,1101,Indian Restaurant
485,Treptow-Köpenick,52.445817,13.57458,4d26239395e8f04d1719404d,Luise,52.44593578772007,13.573819616315847,53,German Restaurant
486,Treptow-Köpenick,52.445817,13.57458,5c819425a9e402002cb8a726,K.bap,52.458687,13.580267,1483,Turkish Restaurant
489,Treptow-Köpenick,52.445817,13.57458,4bcaec143740b713ac8e6165,Mykonos,52.444273,13.585212,741,Greek Restaurant
490,Treptow-Köpenick,52.445817,13.57458,53994ae6498eae48dd7889a2,Trattoria Bella Italia,52.43806918959367,13.548814058303833,1949,Trattoria/Osteria
491,Treptow-Köpenick,52.445817,13.57458,4cb9ddadd78f46889616b973,Ristorante Il Köp,52.45599573934099,13.551071003007877,1956,Italian Restaurant
496,Treptow-Köpenick,52.445817,13.57458,4e070a80483b98d4170e0777,Köpenicker Seeterrassen,52.44401878125319,13.576535472445578,240,German Restaurant
498,Treptow-Köpenick,52.445817,13.57458,4c7121cab5a5236aab285252,Waschhaus Alt Köpenick,52.44603966065188,13.580177447960414,380,German Restaurant
499,Treptow-Köpenick,52.445817,13.57458,5379daf8498efa79122f0d1b,Asteria,52.4470886325136,13.574690281626037,141,Greek Restaurant
500,Treptow-Köpenick,52.445817,13.57458,4db3ead30cb6729b6a89da09,Grillwurststand An der Alten Försterei,52.456687,13.563939,1409,BBQ Joint
501,Treptow-Köpenick,52.445817,13.57458,598b3a5ae7a2376e18250c08,Bratwurststand am Schlosspark,52.443149,13.573487,306,Hot Dog Joint
502,Treptow-Köpenick,52.445817,13.57458,4bebfe9962c0c928c7bde2d4,Mecklemburger Dorf,52.45165401739059,13.575023526246273,650,Fast Food Restaurant
503,Treptow-Köpenick,52.445817,13.57458,5e7d53683c7c210008e5bcc9,Ristorante Il Colosseo,52.442818,13.569986,456,Restaurant
506,Treptow-Köpenick,52.445817,13.57458,51e7d45e498e4f8bcda4ed93,Monis Imbiss,52.441018,13.58705,1000,Snack Place
507,Treptow-Köpenick,52.445817,13.57458,5197eef1498e8d409c3d3910,Steffen el Cheffe de Chanceleur,52.45632,13.578058,1192,German Restaurant
508,Treptow-Köpenick,52.445817,13.57458,574ce1e0498eb6a5d66916c1,Pizzawerk am Kabelwerk,52.4550792,13.591171,1526,Pizza Place
509,Treptow-Köpenick,52.445817,13.57458,50b6a36de4b0035995ff64c6,Dönerimbiss,52.4576980901741,13.5790029523829,1356,Doner Restaurant
510,Treptow-Köpenick,52.445817,13.57458,52bc1982498ec7dcfcbdec20,Asia Park,52.435009418127414,13.595958474905316,1884,Asian Restaurant
511,Treptow-Köpenick,52.445817,13.57458,4df25d82b0fb807158be28b2,Posadas Steakhouse Bar,52.43970163739141,13.553226339049985,1600,Steakhouse
512,Treptow-Köpenick,52.445817,13.57458,573063ab498e9cf702087c3f,Kings,52.45864,13.579761,1470,Currywurst Joint
513,Treptow-Köpenick,52.445817,13.57458,5620d3a5498e732a5daa6189,Ventelino,52.457184571786655,13.578061759674785,1287,Italian Restaurant
515,Treptow-Köpenick,52.445817,13.57458,58d7f1e5d60c8b1a6ced548e,Ceren Döner,52.445106,13.574056,86,Doner Restaurant
516,Treptow-Köpenick,52.445817,13.57458,4c279c0d905a0f47da2e6560,Kikko Grill & Sushi,52.44464318053369,13.57424591334495,132,Sushi Restaurant
517,Treptow-Köpenick,52.445817,13.57458,52c0735d498e0c9f442868fe,Ciao Bella,52.45571754032879,13.577240662575884,1116,Italian Restaurant
518,Treptow-Köpenick,52.445817,13.57458,4e19a2bdd1648b83483d82da,Cafe Bistro Evelin,52.44904958250317,13.59450600498492,1399,Bistro
520,Treptow-Köpenick,52.445817,13.57458,5055e7cce4b0c2107513294c,Pizza Planet,52.44456,13.585721,768,Fast Food Restaurant
521,Treptow-Köpenick,52.445817,13.57458,57dd95a1498e876d23658273,Chopsticks,52.438686,13.582681,965,Asian Restaurant
525,Treptow-Köpenick,52.445817,13.57458,526938e311d25401b1bb5319,Final Bistro,52.44531399666871,13.565185490843136,639,Turkish Restaurant
526,Treptow-Köpenick,52.445817,13.57458,5425fab6498e8525dc647744,Hippokrates,52.45941227374241,13.580063878058237,1558,Greek Restaurant
527,Treptow-Köpenick,52.445817,13.57458,4f09c3ede4b026656f8ebc08,Restauration Zur Gardestube,52.44561496401443,13.575406933653252,60,German Restaurant
